id,user_type,name,birthdate,gender
1,guest,Tabbi Sandes,4/12/2004,Female
2,owner,Spense Tille,9/27/2008,Male
3,tenant,Maurise Peele,11/16/2009,Male
4,resident,Alleen Bealton,9/26/1988,Female
5,resident,Manolo Magnay,3/6/1987,Male
6,resident,Kennith Corbert,10/2/1987,Male
7,guest,Marilyn Moubray,1/22/1993,Female
8,tenant,Lynn Slane,3/11/2010,Male
9,guest,Willi McLaggan,11/13/1984,Female
10,resident,Dianna Shipperbottom,4/13/2006,Female
11,owner,Galen Mundie,2/1/1993,Male
12,tenant,Chantalle Hillett,11/4/2005,Female
13,owner,Anthea Ingreda,8/12/1989,Female
14,resident,Tasia Mathiasen,6/22/2003,Female
15,resident,Mercie Crown,1/28/1994,Female
16,guest,Lonna Daish,2/23/1981,Female
17,owner,Pincus Maith,11/24/1999,Male
18,guest,Norman Mouncey,7/3/2005,Male
19,resident,Georgine Avieson,3/17/1991,Female
20,owner,Gianina Skae,12/3/1992,Female
21,owner,Fidela Strathe,3/18/1983,Female
22,resident,Cynde Cotty,12/14/1990,Female
23,tenant,Kayla Sibbit,12/15/1992,Female
24,owner,Angelia Shrieve,5/10/1999,Female
25,resident,Tamera Ick,2/2/1986,Female
26,tenant,Wren Illston,1/8/2001,Female
27,resident,Lynnette Fouracre,6/22/1994,Female
28,resident,Ninetta Bootland,1/16/1999,Female
29,tenant,Elbertina Skelcher,5/26/2001,Female
30,owner,Nadeen Chadwyck,6/23/1991,Female
31,guest,Jaquenetta Champion,9/28/1994,Female
32,resident,Hermy Corbett,5/17/1987,Male
33,resident,Dorothy Dockwra,8/12/2001,Female
34,owner,Beverie Wavell,3/30/1991,Female
35,resident,Tann Nendick,7/20/1991,Male
36,resident,Danell Belhomme,10/15/1998,Female
37,owner,Roth Blowfelde,11/17/2003,Male
38,guest,Wally Dunkinson,5/29/1990,Male
39,resident,Corney Maher,11/11/1996,Male
40,guest,Duff Pinchbeck,6/14/1983,Male
41,owner,Felizio Girdler,2/17/2010,Male
42,resident,Gabby Wolfenden,4/18/2006,Male
43,guest,Tamra Ferrino,5/21/1994,Female
44,tenant,Ardath Crockett,12/16/1988,Female
45,resident,Marv Dowber,8/26/2004,Male
46,tenant,Malinda Kempston,1/25/1985,Female
47,resident,Ellie Skalls,7/8/2008,Female
48,guest,Karoly Valentin,1/23/1992,Male
49,owner,Leroi Biggen,5/21/1986,Male
50,tenant,Jean Allen,6/26/1992,Male
51,owner,Kellina Plumptre,11/17/2001,Female
52,resident,Bridgette Collishaw,10/24/2002,Female
53,guest,Everett Rigmond,11/14/2004,Male
54,tenant,Teddie Curnokk,11/6/1990,Female
55,owner,Benny Houchen,9/24/1990,Female
56,guest,Care Primo,8/3/2007,Male
57,resident,Tracy Spurden,5/16/2000,Female
58,guest,Terri-jo Couser,12/27/2001,Female
59,tenant,Marguerite Ladson,8/15/1980,Female
60,tenant,Rayna Nornable,7/23/1997,Female
61,guest,Scottie Dufton,9/1/1993,Male
62,owner,Pavlov Peotz,6/22/2009,Male
63,guest,Breanne Kmicicki,3/27/1997,Female
64,owner,Ginevra Timewell,2/27/1998,Female
65,resident,Ysabel Skellington,4/12/2005,Female
66,tenant,Mathias Cornforth,2/22/2001,Male
67,owner,Sullivan Linwood,8/12/1988,Male
68,owner,Sibylla Caldicot,7/19/1990,Female
69,guest,Allyn Dickman,3/5/1986,Male
70,tenant,Allie Goundry,1/19/2008,Male
71,owner,Dionne Goodwins,4/2/2008,Female
72,tenant,Doti Samuels,10/9/2007,Female
73,owner,Daisie Pickhaver,9/30/1997,Female
74,owner,Cly Frantsev,12/15/2004,Male
75,guest,Dud Purrington,7/4/1991,Male
76,tenant,Bancroft Malec,2/11/2006,Male
77,tenant,Fraze Bunting,8/19/2006,Male
78,owner,Wallas Meikle,3/3/1989,Male
79,tenant,Lewie Aizikowitz,7/1/2001,Male
80,owner,Genevieve Merrilees,8/23/1986,Female
81,resident,Ramsey Vickers,10/23/1984,Male
82,resident,Tome Gelsthorpe,11/26/1997,Male
83,tenant,Zelig Asche,1/21/1984,Male
84,owner,Noah Jaquest,11/17/2009,Male
85,owner,Ronalda Camplen,9/20/2007,Female
86,guest,Ugo Fennelly,7/28/1997,Male
87,tenant,Orsa Jesteco,6/13/1993,Female
88,resident,Kevon McKinless,9/8/1992,Male
89,resident,Rodie Mandell,2/3/1982,Female
90,tenant,Goldy Fromant,8/13/1987,Female
91,owner,Virgina Bownass,7/17/1982,Female
92,owner,Dana Lyddiatt,12/27/2009,Female
93,resident,Gabbie Wildish,2/2/1995,Male
94,guest,Carny Sergison,3/5/2010,Male
95,tenant,Damian Dimmack,6/4/2003,Male
96,resident,Frazier Packman,9/8/1999,Male
97,tenant,Levin O'Doghesty,10/16/1980,Male
98,tenant,Isak Palmer,12/27/1995,Male
99,guest,Jacqueline Rushmere,5/5/2007,Female
100,guest,Emmalyn Ausher,4/9/2004,Female
